case_id,order_id,retailer_id,contact_reason,case_status,resolution_type,sentiment,event_date
A-CASE-0001,A-ORD-0001,RETAILER_A,Damage report,Open,Replacement,Negative,2026-08-25
A-CASE-0002,A-ORD-0003,RETAILER_A,Compatibility question,Closed,Guidance,Positive,2026-07-23
A-CASE-0003,A-ORD-0005,RETAILER_A,Delivery status,Open,Refund,Neutral,2026-07-11
A-CASE-0004,A-ORD-0008,RETAILER_A,Product question,Closed,Refund,Neutral,2026-08-23
A-CASE-0005,A-ORD-0013,RETAILER_A,Delivery status,Closed,Refund,Positive,2026-08-17
A-CASE-0006,A-ORD-0015,RETAILER_A,Sizing question,Open,Refund,Positive,2026-07-06
A-CASE-0007,A-ORD-0017,RETAILER_A,Product question,Closed,Exchange,Negative,2026-07-25
A-CASE-0008,A-ORD-0019,RETAILER_A,General enquiry,Open,Refund,Negative,2026-07-08
A-CASE-0009,A-ORD-0020,RETAILER_A,Damage report,Open,Replacement,Neutral,2026-07-08
A-CASE-0010,A-ORD-0021,RETAILER_A,Product question,Open,Store credit,Negative,2026-08-16
A-CASE-0011,A-ORD-0022,RETAILER_A,Setup help,Closed,Refund,Neutral,2026-08-02
A-CASE-0012,A-ORD-0024,RETAILER_A,Delivery status,Closed,Refund,Negative,2026-08-18
A-CASE-0013,A-ORD-0026,RETAILER_A,Setup help,Closed,Guidance,Negative,2026-08-26
A-CASE-0014,A-ORD-0027,RETAILER_A,Product question,Closed,Refund,Positive,2026-07-16
A-CASE-0015,A-ORD-0028,RETAILER_A,Product question,Closed,Refund,Positive,2026-08-22
A-CASE-0016,A-ORD-0033,RETAILER_A,Sizing question,Closed,Refund,Negative,2026-07-08
A-CASE-0017,A-ORD-0034,RETAILER_A,Setup help,Closed,Refund,Negative,2026-07-22
A-CASE-0018,A-ORD-0035,RETAILER_A,Compatibility question,Closed,Refund,Negative,2026-07-15
A-CASE-0019,A-ORD-0037,RETAILER_A,General enquiry,Closed,Refund,Negative,2026-08-27
A-CASE-0020,A-ORD-0038,RETAILER_A,Damage report,Open,Replacement,Negative,2026-07-18
A-CASE-0021,A-ORD-0040,RETAILER_A,Product question,Closed,Refund,Positive,2026-07-16
A-CASE-0022,A-ORD-0041,RETAILER_A,Sizing question,Open,Refund,Positive,2026-07-07
A-CASE-0023,A-ORD-0043,RETAILER_A,Sizing question,Open,Refund,Positive,2026-08-13
A-CASE-0024,A-ORD-0044,RETAILER_A,Sizing question,Closed,Refund,Positive,2026-07-04
A-CASE-0025,A-ORD-0046,RETAILER_A,Product question,Closed,Refund,Neutral,2026-07-13
A-CASE-0026,A-ORD-0047,RETAILER_A,Sizing question,Open,Refund,Negative,2026-07-18
A-CASE-0027,A-ORD-0048,RETAILER_A,Product question,Closed,Exchange,Negative,2026-07-29
A-CASE-0028,A-ORD-0049,RETAILER_A,Compatibility question,Open,Refund,Negative,2026-08-11
A-CASE-0029,A-ORD-0050,RETAILER_A,Compatibility question,Closed,Refund,Neutral,2026-08-29
A-CASE-0030,A-ORD-0052,RETAILER_A,Sizing question,Open,Exchange,Negative,2026-07-25
A-CASE-0031,A-ORD-0057,RETAILER_A,Compatibility question,Closed,Exchange,Positive,2026-08-02
A-CASE-0032,A-ORD-0058,RETAILER_A,Setup help,Open,Guidance,Negative,2026-08-02
A-CASE-0033,A-ORD-0061,RETAILER_A,Sizing question,Closed,Refund,Positive,2026-07-03
A-CASE-0034,A-ORD-0064,RETAILER_A,Compatibility question,Closed,Guidance,Positive,2026-07-17
A-CASE-0035,A-ORD-0092,RETAILER_A,Delivery status,Closed,Guidance,Positive,2026-07-30
A-CASE-0036,A-ORD-0069,RETAILER_A,Product question,Closed,Guidance,Neutral,2026-07-19
A-CASE-0037,A-ORD-0079,RETAILER_A,Product question,Closed,Guidance,Positive,2026-07-29
A-CASE-0038,A-ORD-0100,RETAILER_A,Product question,Closed,Guidance,Positive,2026-08-02
A-CASE-0039,A-ORD-0078,RETAILER_A,Delivery status,Closed,Guidance,Positive,2026-07-22
A-CASE-0040,A-ORD-0094,RETAILER_A,Delivery status,Closed,Guidance,Positive,2026-07-26
